image_path,label
Lotus_Mahal/Lotus_Mahal_001.jpg,Lotus_Mahal
Lotus_Mahal/Lotus_Mahal_002.jpg,Lotus_Mahal
Lotus_Mahal/Lotus_Mahal_003.jpg,Lotus_Mahal
Lotus_Mahal/Lotus_Mahal_004.jpg,Lotus_Mahal
Lotus_Mahal/Lotus_Mahal_005.jpg,Lotus_Mahal
Lotus_Mahal/Lotus_Mahal_006.jpg,Lotus_Mahal
Lotus_Mahal/Lotus_Mahal_007.jpg,Lotus_Mahal
Lotus_Mahal/Lotus_Mahal_008.jpg,Lotus_Mahal
Lotus_Mahal/Lotus_Mahal_009.jpg,Lotus_Mahal
Lotus_Mahal/Lotus_Mahal_010.jpg,Lotus_Mahal
Lotus_Mahal/Lotus_Mahal_011.jpg,Lotus_Mahal
Lotus_Mahal/Lotus_Mahal_012.jpg,Lotus_Mahal
Lotus_Mahal/Lotus_Mahal_013.jpg,Lotus_Mahal
Lotus_Mahal/Lotus_Mahal_014.jpg,Lotus_Mahal
Lotus_Mahal/Lotus_Mahal_015.jpg,Lotus_Mahal
Lotus_Mahal/Lotus_Mahal_016.jpg,Lotus_Mahal
Lotus_Mahal/Lotus_Mahal_017.jpg,Lotus_Mahal
Lotus_Mahal/Lotus_Mahal_018.jpg,Lotus_Mahal
Lotus_Mahal/Lotus_Mahal_019.jpg,Lotus_Mahal
Lotus_Mahal/Lotus_Mahal_020.jpg,Lotus_Mahal
Lotus_Mahal/Lotus_Mahal_021.jpg,Lotus_Mahal
Lotus_Mahal/Lotus_Mahal_022.jpg,Lotus_Mahal
Lotus_Mahal/Lotus_Mahal_023.jpg,Lotus_Mahal
Lotus_Mahal/Lotus_Mahal_024.jpg,Lotus_Mahal
Lotus_Mahal/Lotus_Mahal_025.jpg,Lotus_Mahal
Lotus_Mahal/Lotus_Mahal_026.jpg,Lotus_Mahal
Lotus_Mahal/Lotus_Mahal_027.jpg,Lotus_Mahal
Lotus_Mahal/Lotus_Mahal_028.jpg,Lotus_Mahal
Lotus_Mahal/Lotus_Mahal_029.jpg,Lotus_Mahal
Lotus_Mahal/Lotus_Mahal_030.jpg,Lotus_Mahal
Lotus_Mahal/Lotus_Mahal_031.jpg,Lotus_Mahal
Lotus_Mahal/Lotus_Mahal_032.jpg,Lotus_Mahal
Lotus_Mahal/Lotus_Mahal_033.jpg,Lotus_Mahal
Lotus_Mahal/Lotus_Mahal_034.jpg,Lotus_Mahal
Virupaksha_Temple/Virupaksha_Temple_001.jpg,Virupaksha_Temple
Virupaksha_Temple/Virupaksha_Temple_002.jpg,Virupaksha_Temple
Virupaksha_Temple/Virupaksha_Temple_003.jpg,Virupaksha_Temple
Virupaksha_Temple/Virupaksha_Temple_004.jpg,Virupaksha_Temple
Virupaksha_Temple/Virupaksha_Temple_005.jpg,Virupaksha_Temple
Virupaksha_Temple/Virupaksha_Temple_006.jpg,Virupaksha_Temple
Virupaksha_Temple/Virupaksha_Temple_007.jpg,Virupaksha_Temple
Virupaksha_Temple/Virupaksha_Temple_008.jpg,Virupaksha_Temple
Virupaksha_Temple/Virupaksha_Temple_009.jpg,Virupaksha_Temple
Virupaksha_Temple/Virupaksha_Temple_010.jpg,Virupaksha_Temple
Virupaksha_Temple/Virupaksha_Temple_011.jpg,Virupaksha_Temple
Virupaksha_Temple/Virupaksha_Temple_012.jpg,Virupaksha_Temple
Virupaksha_Temple/Virupaksha_Temple_013.jpg,Virupaksha_Temple
Virupaksha_Temple/Virupaksha_Temple_014.jpg,Virupaksha_Temple
Virupaksha_Temple/Virupaksha_Temple_015.jpg,Virupaksha_Temple
Virupaksha_Temple/Virupaksha_Temple_016.jpg,Virupaksha_Temple
Virupaksha_Temple/Virupaksha_Temple_017.jpg,Virupaksha_Temple
Virupaksha_Temple/Virupaksha_Temple_018.jpg,Virupaksha_Temple
Virupaksha_Temple/Virupaksha_Temple_019.jpg,Virupaksha_Temple
Virupaksha_Temple/Virupaksha_Temple_020.jpg,Virupaksha_Temple
Virupaksha_Temple/Virupaksha_Temple_021.jpg,Virupaksha_Temple
Virupaksha_Temple/Virupaksha_Temple_022.jpg,Virupaksha_Temple
Virupaksha_Temple/Virupaksha_Temple_023.jpg,Virupaksha_Temple
Virupaksha_Temple/Virupaksha_Temple_024.jpg,Virupaksha_Temple
Virupaksha_Temple/Virupaksha_Temple_025.jpg,Virupaksha_Temple
Virupaksha_Temple/Virupaksha_Temple_026.jpg,Virupaksha_Temple
Virupaksha_Temple/Virupaksha_Temple_027.jpg,Virupaksha_Temple
Virupaksha_Temple/Virupaksha_Temple_028.jpg,Virupaksha_Temple
Virupaksha_Temple/Virupaksha_Temple_029.jpg,Virupaksha_Temple
Virupaksha_Temple/Virupaksha_Temple_030.jpg,Virupaksha_Temple
Vittala_Temple/Vittala_Temple_001.jpg,Vittala_Temple
Vittala_Temple/Vittala_Temple_002.jpg,Vittala_Temple
Vittala_Temple/Vittala_Temple_003.jpg,Vittala_Temple
Vittala_Temple/Vittala_Temple_004.jpg,Vittala_Temple
Vittala_Temple/Vittala_Temple_005.jpg,Vittala_Temple
Vittala_Temple/Vittala_Temple_006.jpg,Vittala_Temple
Vittala_Temple/Vittala_Temple_007.jpg,Vittala_Temple
Vittala_Temple/Vittala_Temple_008.jpg,Vittala_Temple
Vittala_Temple/Vittala_Temple_009.jpg,Vittala_Temple
Vittala_Temple/Vittala_Temple_010.jpg,Vittala_Temple
Vittala_Temple/Vittala_Temple_011.jpg,Vittala_Temple
Vittala_Temple/Vittala_Temple_012.jpg,Vittala_Temple
Vittala_Temple/Vittala_Temple_013.jpg,Vittala_Temple
Vittala_Temple/Vittala_Temple_014.jpg,Vittala_Temple
Vittala_Temple/Vittala_Temple_015.jpg,Vittala_Temple
Vittala_Temple/Vittala_Temple_016.jpg,Vittala_Temple
Vittala_Temple/Vittala_Temple_017.jpg,Vittala_Temple
Vittala_Temple/Vittala_Temple_018.jpg,Vittala_Temple
Vittala_Temple/Vittala_Temple_019.jpg,Vittala_Temple
Vittala_Temple/Vittala_Temple_020.jpg,Vittala_Temple
Vittala_Temple/Vittala_Temple_021.jpg,Vittala_Temple
Vittala_Temple/Vittala_Temple_022.jpg,Vittala_Temple
Vittala_Temple/Vittala_Temple_023.jpg,Vittala_Temple
Vittala_Temple/Vittala_Temple_024.jpg,Vittala_Temple
Vittala_Temple/Vittala_Temple_025.jpg,Vittala_Temple
Vittala_Temple/Vittala_Temple_026.jpg,Vittala_Temple
Vittala_Temple/Vittala_Temple_027.jpg,Vittala_Temple
Vittala_Temple/Vittala_Temple_028.jpg,Vittala_Temple
Vittala_Temple/Vittala_Temple_029.jpg,Vittala_Temple
Vittala_Temple/Vittala_Temple_030.jpg,Vittala_Temple
Vittala_Temple/Vittala_Temple_031.jpg,Vittala_Temple
Vittala_Temple/Vittala_Temple_032.jpg,Vittala_Temple
Vittala_Temple/Vittala_Temple_033.jpg,Vittala_Temple
Vittala_Temple/Vittala_Temple_034.jpg,Vittala_Temple
Elephant_Stables/Elephant_Stables_001.jpg,Elephant_Stables
Elephant_Stables/Elephant_Stables_002.jpg,Elephant_Stables
Elephant_Stables/Elephant_Stables_003.jpg,Elephant_Stables
Elephant_Stables/Elephant_Stables_004.jpg,Elephant_Stables
Elephant_Stables/Elephant_Stables_005.jpg,Elephant_Stables
Elephant_Stables/Elephant_Stables_006.jpg,Elephant_Stables
Elephant_Stables/Elephant_Stables_007.jpg,Elephant_Stables
Elephant_Stables/Elephant_Stables_008.jpg,Elephant_Stables
Elephant_Stables/Elephant_Stables_009.jpg,Elephant_Stables
Elephant_Stables/Elephant_Stables_010.jpg,Elephant_Stables
Elephant_Stables/Elephant_Stables_011.jpg,Elephant_Stables
Elephant_Stables/Elephant_Stables_012.jpg,Elephant_Stables
Elephant_Stables/Elephant_Stables_013.jpg,Elephant_Stables
Elephant_Stables/Elephant_Stables_014.jpg,Elephant_Stables
Elephant_Stables/Elephant_Stables_015.jpg,Elephant_Stables
Elephant_Stables/Elephant_Stables_016.jpg,Elephant_Stables
Elephant_Stables/Elephant_Stables_017.jpg,Elephant_Stables
Elephant_Stables/Elephant_Stables_018.jpg,Elephant_Stables
Elephant_Stables/Elephant_Stables_019.jpg,Elephant_Stables
Elephant_Stables/Elephant_Stables_020.jpg,Elephant_Stables
Elephant_Stables/Elephant_Stables_021.jpg,Elephant_Stables
Elephant_Stables/Elephant_Stables_022.jpg,Elephant_Stables
Elephant_Stables/Elephant_Stables_023.jpg,Elephant_Stables
Elephant_Stables/Elephant_Stables_024.jpg,Elephant_Stables
Elephant_Stables/Elephant_Stables_025.jpg,Elephant_Stables
Elephant_Stables/Elephant_Stables_026.jpg,Elephant_Stables
Elephant_Stables/Elephant_Stables_027.jpg,Elephant_Stables
Elephant_Stables/Elephant_Stables_028.jpg,Elephant_Stables
Elephant_Stables/Elephant_Stables_029.jpg,Elephant_Stables
Elephant_Stables/Elephant_Stables_030.jpg,Elephant_Stables
Elephant_Stables/Elephant_Stables_031.jpg,Elephant_Stables
Elephant_Stables/Elephant_Stables_032.jpg,Elephant_Stables
Elephant_Stables/Elephant_Stables_033.jpg,Elephant_Stables
Elephant_Stables/Elephant_Stables_034.jpg,Elephant_Stables
Elephant_Stables/Elephant_Stables_035.jpg,Elephant_Stables
Elephant_Stables/Elephant_Stables_036.jpg,Elephant_Stables
Elephant_Stables/Elephant_Stables_037.jpg,Elephant_Stables
Elephant_Stables/Elephant_Stables_038.jpg,Elephant_Stables
Elephant_Stables/Elephant_Stables_039.jpg,Elephant_Stables
Elephant_Stables/Elephant_Stables_040.jpg,Elephant_Stables
Elephant_Stables/Elephant_Stables_041.jpg,Elephant_Stables
Elephant_Stables/Elephant_Stables_042.jpg,Elephant_Stables
Elephant_Stables/Elephant_Stables_043.jpg,Elephant_Stables
Elephant_Stables/Elephant_Stables_044.jpg,Elephant_Stables
Elephant_Stables/Elephant_Stables_045.jpg,Elephant_Stables
Elephant_Stables/Elephant_Stables_046.jpg,Elephant_Stables
Elephant_Stables/Elephant_Stables_047.jpg,Elephant_Stables
Elephant_Stables/Elephant_Stables_048.jpg,Elephant_Stables
Elephant_Stables/Elephant_Stables_049.jpg,Elephant_Stables
Elephant_Stables/Elephant_Stables_050.jpg,Elephant_Stables
Hampi_Bazaar/Hampi_Bazaar_001.jpg,Hampi_Bazaar
Hampi_Bazaar/Hampi_Bazaar_002.jpg,Hampi_Bazaar
Hampi_Bazaar/Hampi_Bazaar_003.jpg,Hampi_Bazaar
Hampi_Bazaar/Hampi_Bazaar_004.jpg,Hampi_Bazaar
Hampi_Bazaar/Hampi_Bazaar_005.jpg,Hampi_Bazaar
Hampi_Bazaar/Hampi_Bazaar_006.jpg,Hampi_Bazaar
Hampi_Bazaar/Hampi_Bazaar_007.jpg,Hampi_Bazaar
Hampi_Bazaar/Hampi_Bazaar_008.jpg,Hampi_Bazaar
Hampi_Bazaar/Hampi_Bazaar_009.jpg,Hampi_Bazaar
Hampi_Bazaar/Hampi_Bazaar_010.jpg,Hampi_Bazaar
Hampi_Bazaar/Hampi_Bazaar_011.jpg,Hampi_Bazaar
Hampi_Bazaar/Hampi_Bazaar_012.jpg,Hampi_Bazaar
Hampi_Bazaar/Hampi_Bazaar_013.jpg,Hampi_Bazaar
Hampi_Bazaar/Hampi_Bazaar_014.jpg,Hampi_Bazaar
Hampi_Bazaar/Hampi_Bazaar_015.jpg,Hampi_Bazaar
Hampi_Bazaar/Hampi_Bazaar_016.jpg,Hampi_Bazaar
Hampi_Bazaar/Hampi_Bazaar_017.jpg,Hampi_Bazaar
Hampi_Bazaar/Hampi_Bazaar_018.jpg,Hampi_Bazaar
Hampi_Bazaar/Hampi_Bazaar_019.jpg,Hampi_Bazaar
Hampi_Bazaar/Hampi_Bazaar_020.jpg,Hampi_Bazaar
Hampi_Bazaar/Hampi_Bazaar_021.jpg,Hampi_Bazaar
Hampi_Bazaar/Hampi_Bazaar_022.jpg,Hampi_Bazaar
Hampi_Bazaar/Hampi_Bazaar_023.jpg,Hampi_Bazaar
Hampi_Bazaar/Hampi_Bazaar_024.jpg,Hampi_Bazaar
Hampi_Bazaar/Hampi_Bazaar_025.jpg,Hampi_Bazaar
Hampi_Bazaar/Hampi_Bazaar_026.jpg,Hampi_Bazaar
Hampi_Bazaar/Hampi_Bazaar_027.jpg,Hampi_Bazaar
Hampi_Bazaar/Hampi_Bazaar_028.jpg,Hampi_Bazaar
Hampi_Bazaar/Hampi_Bazaar_029.jpg,Hampi_Bazaar
Hampi_Bazaar/Hampi_Bazaar_030.jpg,Hampi_Bazaar
Hampi_Bazaar/Hampi_Bazaar_031.jpg,Hampi_Bazaar
Hampi_Bazaar/Hampi_Bazaar_032.jpg,Hampi_Bazaar
Hampi_Bazaar/Hampi_Bazaar_033.jpg,Hampi_Bazaar
Zenana_Enclosure/Zenana_Enclosure_001.jpg,Zenana_Enclosure
Zenana_Enclosure/Zenana_Enclosure_002.jpg,Zenana_Enclosure
Zenana_Enclosure/Zenana_Enclosure_003.jpg,Zenana_Enclosure
Zenana_Enclosure/Zenana_Enclosure_004.jpg,Zenana_Enclosure
Zenana_Enclosure/Zenana_Enclosure_005.jpg,Zenana_Enclosure
Zenana_Enclosure/Zenana_Enclosure_006.jpg,Zenana_Enclosure
Zenana_Enclosure/Zenana_Enclosure_007.jpg,Zenana_Enclosure
Zenana_Enclosure/Zenana_Enclosure_008.jpg,Zenana_Enclosure
Zenana_Enclosure/Zenana_Enclosure_009.jpg,Zenana_Enclosure
Zenana_Enclosure/Zenana_Enclosure_010.jpg,Zenana_Enclosure
Zenana_Enclosure/Zenana_Enclosure_011.jpg,Zenana_Enclosure
Zenana_Enclosure/Zenana_Enclosure_012.jpg,Zenana_Enclosure
Zenana_Enclosure/Zenana_Enclosure_013.jpg,Zenana_Enclosure
Zenana_Enclosure/Zenana_Enclosure_014.jpg,Zenana_Enclosure
Zenana_Enclosure/Zenana_Enclosure_015.jpg,Zenana_Enclosure
Zenana_Enclosure/Zenana_Enclosure_016.jpg,Zenana_Enclosure
Zenana_Enclosure/Zenana_Enclosure_017.jpg,Zenana_Enclosure
Zenana_Enclosure/Zenana_Enclosure_018.jpg,Zenana_Enclosure
Zenana_Enclosure/Zenana_Enclosure_019.jpg,Zenana_Enclosure
Zenana_Enclosure/Zenana_Enclosure_020.jpg,Zenana_Enclosure
Zenana_Enclosure/Zenana_Enclosure_021.jpg,Zenana_Enclosure
Zenana_Enclosure/Zenana_Enclosure_022.jpg,Zenana_Enclosure
Zenana_Enclosure/Zenana_Enclosure_023.jpg,Zenana_Enclosure
Zenana_Enclosure/Zenana_Enclosure_024.jpg,Zenana_Enclosure
Zenana_Enclosure/Zenana_Enclosure_025.jpg,Zenana_Enclosure
Zenana_Enclosure/Zenana_Enclosure_026.jpg,Zenana_Enclosure
Zenana_Enclosure/Zenana_Enclosure_027.jpg,Zenana_Enclosure
Zenana_Enclosure/Zenana_Enclosure_028.jpg,Zenana_Enclosure
Zenana_Enclosure/Zenana_Enclosure_029.jpg,Zenana_Enclosure
Zenana_Enclosure/Zenana_Enclosure_030.jpg,Zenana_Enclosure
Zenana_Enclosure/Zenana_Enclosure_031.jpg,Zenana_Enclosure
Zenana_Enclosure/Zenana_Enclosure_032.jpg,Zenana_Enclosure
Zenana_Enclosure/Zenana_Enclosure_033.jpg,Zenana_Enclosure
Zenana_Enclosure/Zenana_Enclosure_034.jpg,Zenana_Enclosure
Zenana_Enclosure/Zenana_Enclosure_035.jpg,Zenana_Enclosure
Zenana_Enclosure/Zenana_Enclosure_036.jpg,Zenana_Enclosure
Zenana_Enclosure/Zenana_Enclosure_037.jpg,Zenana_Enclosure
Zenana_Enclosure/Zenana_Enclosure_038.jpg,Zenana_Enclosure
Zenana_Enclosure/Zenana_Enclosure_039.jpg,Zenana_Enclosure
Zenana_Enclosure/Zenana_Enclosure_040.jpg,Zenana_Enclosure
Zenana_Enclosure/Zenana_Enclosure_041.jpg,Zenana_Enclosure
Zenana_Enclosure/Zenana_Enclosure_042.jpg,Zenana_Enclosure
Zenana_Enclosure/Zenana_Enclosure_043.jpg,Zenana_Enclosure
Zenana_Enclosure/Zenana_Enclosure_044.jpg,Zenana_Enclosure
Zenana_Enclosure/Zenana_Enclosure_045.jpg,Zenana_Enclosure
Zenana_Enclosure/Zenana_Enclosure_046.jpg,Zenana_Enclosure
Zenana_Enclosure/Zenana_Enclosure_047.jpg,Zenana_Enclosure
Zenana_Enclosure/Zenana_Enclosure_048.jpg,Zenana_Enclosure
Zenana_Enclosure/Zenana_Enclosure_049.jpg,Zenana_Enclosure
Zenana_Enclosure/Zenana_Enclosure_050.jpg,Zenana_Enclosure
Royal_Centre/Royal_Centre_001.jpg,Royal_Centre
Royal_Centre/Royal_Centre_002.jpg,Royal_Centre
Royal_Centre/Royal_Centre_003.jpg,Royal_Centre
Royal_Centre/Royal_Centre_004.jpg,Royal_Centre
Royal_Centre/Royal_Centre_005.jpg,Royal_Centre
Royal_Centre/Royal_Centre_006.jpg,Royal_Centre
Royal_Centre/Royal_Centre_007.jpg,Royal_Centre
Royal_Centre/Royal_Centre_008.jpg,Royal_Centre
Royal_Centre/Royal_Centre_009.jpg,Royal_Centre
Royal_Centre/Royal_Centre_010.jpg,Royal_Centre
Royal_Centre/Royal_Centre_011.jpg,Royal_Centre
Royal_Centre/Royal_Centre_012.jpg,Royal_Centre
Royal_Centre/Royal_Centre_013.jpg,Royal_Centre
Royal_Centre/Royal_Centre_014.jpg,Royal_Centre
Royal_Centre/Royal_Centre_015.jpg,Royal_Centre
Royal_Centre/Royal_Centre_016.jpg,Royal_Centre
Royal_Centre/Royal_Centre_017.jpg,Royal_Centre
Royal_Centre/Royal_Centre_018.jpg,Royal_Centre
Royal_Centre/Royal_Centre_019.jpg,Royal_Centre
Royal_Centre/Royal_Centre_020.jpg,Royal_Centre
Royal_Centre/Royal_Centre_021.jpg,Royal_Centre
Royal_Centre/Royal_Centre_022.jpg,Royal_Centre
Royal_Centre/Royal_Centre_023.jpg,Royal_Centre
Royal_Centre/Royal_Centre_024.jpg,Royal_Centre
Royal_Centre/Royal_Centre_025.jpg,Royal_Centre
Royal_Centre/Royal_Centre_026.jpg,Royal_Centre
Royal_Centre/Royal_Centre_027.jpg,Royal_Centre
Royal_Centre/Royal_Centre_028.jpg,Royal_Centre
Royal_Centre/Royal_Centre_029.jpg,Royal_Centre
Royal_Centre/Royal_Centre_030.jpg,Royal_Centre
Royal_Centre/Royal_Centre_031.jpg,Royal_Centre
Royal_Centre/Royal_Centre_032.jpg,Royal_Centre
Royal_Centre/Royal_Centre_033.jpg,Royal_Centre
Royal_Centre/Royal_Centre_034.jpg,Royal_Centre
Queens_Bath/Queens_Bath_001.jpg,Queens_Bath
Queens_Bath/Queens_Bath_002.jpg,Queens_Bath
Queens_Bath/Queens_Bath_003.jpg,Queens_Bath
Queens_Bath/Queens_Bath_004.jpg,Queens_Bath
Queens_Bath/Queens_Bath_005.jpg,Queens_Bath
Queens_Bath/Queens_Bath_006.jpg,Queens_Bath
Queens_Bath/Queens_Bath_007.jpg,Queens_Bath
Queens_Bath/Queens_Bath_008.jpg,Queens_Bath
Queens_Bath/Queens_Bath_009.jpg,Queens_Bath
Queens_Bath/Queens_Bath_010.jpg,Queens_Bath
Queens_Bath/Queens_Bath_011.jpg,Queens_Bath
Queens_Bath/Queens_Bath_012.jpg,Queens_Bath
Queens_Bath/Queens_Bath_013.jpg,Queens_Bath
Queens_Bath/Queens_Bath_014.jpg,Queens_Bath
Queens_Bath/Queens_Bath_015.jpg,Queens_Bath
Queens_Bath/Queens_Bath_016.jpg,Queens_Bath
Queens_Bath/Queens_Bath_017.jpg,Queens_Bath
Queens_Bath/Queens_Bath_018.jpg,Queens_Bath
Queens_Bath/Queens_Bath_019.jpg,Queens_Bath
Queens_Bath/Queens_Bath_020.jpg,Queens_Bath
Queens_Bath/Queens_Bath_021.jpg,Queens_Bath
Queens_Bath/Queens_Bath_022.jpg,Queens_Bath
Queens_Bath/Queens_Bath_023.jpg,Queens_Bath
Queens_Bath/Queens_Bath_024.jpg,Queens_Bath
Queens_Bath/Queens_Bath_025.jpg,Queens_Bath
Queens_Bath/Queens_Bath_026.jpg,Queens_Bath
Queens_Bath/Queens_Bath_027.jpg,Queens_Bath
Queens_Bath/Queens_Bath_028.jpg,Queens_Bath
Queens_Bath/Queens_Bath_029.jpg,Queens_Bath
Queens_Bath/Queens_Bath_030.jpg,Queens_Bath
Queens_Bath/Queens_Bath_031.jpg,Queens_Bath
Queens_Bath/Queens_Bath_032.jpg,Queens_Bath
Queens_Bath/Queens_Bath_033.jpg,Queens_Bath
Queens_Bath/Queens_Bath_034.jpg,Queens_Bath
Queens_Bath/Queens_Bath_035.jpg,Queens_Bath
Queens_Bath/Queens_Bath_036.jpg,Queens_Bath
Queens_Bath/Queens_Bath_037.jpg,Queens_Bath
Queens_Bath/Queens_Bath_038.jpg,Queens_Bath
Queens_Bath/Queens_Bath_039.jpg,Queens_Bath
Queens_Bath/Queens_Bath_040.jpg,Queens_Bath
Queens_Bath/Queens_Bath_041.jpg,Queens_Bath
Queens_Bath/Queens_Bath_042.jpg,Queens_Bath
Queens_Bath/Queens_Bath_043.jpg,Queens_Bath
Queens_Bath/Queens_Bath_044.jpg,Queens_Bath
Queens_Bath/Queens_Bath_045.jpg,Queens_Bath
Queens_Bath/Queens_Bath_046.jpg,Queens_Bath
Queens_Bath/Queens_Bath_047.jpg,Queens_Bath
Queens_Bath/Queens_Bath_048.jpg,Queens_Bath
Hemakuta_Temple_Hill_Complex/Hemakuta_Temple_Hill_Complex_001.jpg,Hemakuta_Temple_Hill_Complex
Hemakuta_Temple_Hill_Complex/Hemakuta_Temple_Hill_Complex_002.jpg,Hemakuta_Temple_Hill_Complex
Hemakuta_Temple_Hill_Complex/Hemakuta_Temple_Hill_Complex_003.jpg,Hemakuta_Temple_Hill_Complex
Hemakuta_Temple_Hill_Complex/Hemakuta_Temple_Hill_Complex_004.jpg,Hemakuta_Temple_Hill_Complex
Hemakuta_Temple_Hill_Complex/Hemakuta_Temple_Hill_Complex_005.jpg,Hemakuta_Temple_Hill_Complex
Hemakuta_Temple_Hill_Complex/Hemakuta_Temple_Hill_Complex_006.jpg,Hemakuta_Temple_Hill_Complex
Hemakuta_Temple_Hill_Complex/Hemakuta_Temple_Hill_Complex_007.jpg,Hemakuta_Temple_Hill_Complex
Hemakuta_Temple_Hill_Complex/Hemakuta_Temple_Hill_Complex_008.jpg,Hemakuta_Temple_Hill_Complex
Hemakuta_Temple_Hill_Complex/Hemakuta_Temple_Hill_Complex_009.jpg,Hemakuta_Temple_Hill_Complex
Hemakuta_Temple_Hill_Complex/Hemakuta_Temple_Hill_Complex_010.jpg,Hemakuta_Temple_Hill_Complex
Hemakuta_Temple_Hill_Complex/Hemakuta_Temple_Hill_Complex_011.jpg,Hemakuta_Temple_Hill_Complex
Hemakuta_Temple_Hill_Complex/Hemakuta_Temple_Hill_Complex_012.jpg,Hemakuta_Temple_Hill_Complex
Hemakuta_Temple_Hill_Complex/Hemakuta_Temple_Hill_Complex_013.jpg,Hemakuta_Temple_Hill_Complex
Hemakuta_Temple_Hill_Complex/Hemakuta_Temple_Hill_Complex_014.jpg,Hemakuta_Temple_Hill_Complex
Hemakuta_Temple_Hill_Complex/Hemakuta_Temple_Hill_Complex_015.jpg,Hemakuta_Temple_Hill_Complex
Hemakuta_Temple_Hill_Complex/Hemakuta_Temple_Hill_Complex_016.jpg,Hemakuta_Temple_Hill_Complex
Hemakuta_Temple_Hill_Complex/Hemakuta_Temple_Hill_Complex_017.jpg,Hemakuta_Temple_Hill_Complex
Hemakuta_Temple_Hill_Complex/Hemakuta_Temple_Hill_Complex_018.jpg,Hemakuta_Temple_Hill_Complex
Hemakuta_Temple_Hill_Complex/Hemakuta_Temple_Hill_Complex_019.jpg,Hemakuta_Temple_Hill_Complex
Hemakuta_Temple_Hill_Complex/Hemakuta_Temple_Hill_Complex_020.jpg,Hemakuta_Temple_Hill_Complex
Hemakuta_Temple_Hill_Complex/Hemakuta_Temple_Hill_Complex_021.jpg,Hemakuta_Temple_Hill_Complex
Hemakuta_Temple_Hill_Complex/Hemakuta_Temple_Hill_Complex_022.jpg,Hemakuta_Temple_Hill_Complex
Hemakuta_Temple_Hill_Complex/Hemakuta_Temple_Hill_Complex_023.jpg,Hemakuta_Temple_Hill_Complex
Hemakuta_Temple_Hill_Complex/Hemakuta_Temple_Hill_Complex_024.jpg,Hemakuta_Temple_Hill_Complex
Hemakuta_Temple_Hill_Complex/Hemakuta_Temple_Hill_Complex_025.jpg,Hemakuta_Temple_Hill_Complex
Hemakuta_Temple_Hill_Complex/Hemakuta_Temple_Hill_Complex_026.jpg,Hemakuta_Temple_Hill_Complex
Hemakuta_Temple_Hill_Complex/Hemakuta_Temple_Hill_Complex_027.jpg,Hemakuta_Temple_Hill_Complex
Hemakuta_Temple_Hill_Complex/Hemakuta_Temple_Hill_Complex_028.jpg,Hemakuta_Temple_Hill_Complex
Hemakuta_Temple_Hill_Complex/Hemakuta_Temple_Hill_Complex_029.jpg,Hemakuta_Temple_Hill_Complex
Hemakuta_Temple_Hill_Complex/Hemakuta_Temple_Hill_Complex_030.jpg,Hemakuta_Temple_Hill_Complex
Hemakuta_Temple_Hill_Complex/Hemakuta_Temple_Hill_Complex_031.jpg,Hemakuta_Temple_Hill_Complex
Hemakuta_Temple_Hill_Complex/Hemakuta_Temple_Hill_Complex_032.jpg,Hemakuta_Temple_Hill_Complex
Hemakuta_Temple_Hill_Complex/Hemakuta_Temple_Hill_Complex_033.jpg,Hemakuta_Temple_Hill_Complex
Monolithic_Bull/Monolithic_Bull_001.jpg,Monolithic_Bull
Monolithic_Bull/Monolithic_Bull_002.jpg,Monolithic_Bull
Monolithic_Bull/Monolithic_Bull_003.jpg,Monolithic_Bull
Monolithic_Bull/Monolithic_Bull_004.jpg,Monolithic_Bull
Monolithic_Bull/Monolithic_Bull_005.jpg,Monolithic_Bull
Monolithic_Bull/Monolithic_Bull_006.jpg,Monolithic_Bull
Monolithic_Bull/Monolithic_Bull_007.jpg,Monolithic_Bull
Monolithic_Bull/Monolithic_Bull_008.jpg,Monolithic_Bull
Monolithic_Bull/Monolithic_Bull_009.jpg,Monolithic_Bull
Monolithic_Bull/Monolithic_Bull_010.jpg,Monolithic_Bull
Monolithic_Bull/Monolithic_Bull_011.jpg,Monolithic_Bull
Monolithic_Bull/Monolithic_Bull_012.jpg,Monolithic_Bull
Monolithic_Bull/Monolithic_Bull_013.jpg,Monolithic_Bull
Monolithic_Bull/Monolithic_Bull_014.jpg,Monolithic_Bull
Monolithic_Bull/Monolithic_Bull_015.jpg,Monolithic_Bull
Monolithic_Bull/Monolithic_Bull_016.jpg,Monolithic_Bull
Monolithic_Bull/Monolithic_Bull_017.jpg,Monolithic_Bull
Monolithic_Bull/Monolithic_Bull_018.jpg,Monolithic_Bull
Monolithic_Bull/Monolithic_Bull_019.jpg,Monolithic_Bull
Monolithic_Bull/Monolithic_Bull_020.jpg,Monolithic_Bull
Monolithic_Bull/Monolithic_Bull_021.jpg,Monolithic_Bull
Monolithic_Bull/Monolithic_Bull_022.jpg,Monolithic_Bull
Monolithic_Bull/Monolithic_Bull_023.jpg,Monolithic_Bull
Monolithic_Bull/Monolithic_Bull_024.jpg,Monolithic_Bull
Monolithic_Bull/Monolithic_Bull_025.jpg,Monolithic_Bull
Monolithic_Bull/Monolithic_Bull_026.jpg,Monolithic_Bull
Monolithic_Bull/Monolithic_Bull_027.jpg,Monolithic_Bull
Monolithic_Bull/Monolithic_Bull_028.jpg,Monolithic_Bull
Monolithic_Bull/Monolithic_Bull_029.jpg,Monolithic_Bull
Monolithic_Bull/Monolithic_Bull_030.jpg,Monolithic_Bull
Monolithic_Bull/Monolithic_Bull_031.jpg,Monolithic_Bull
Monolithic_Bull/Monolithic_Bull_032.jpg,Monolithic_Bull
Monolithic_Bull/Monolithic_Bull_033.jpg,Monolithic_Bull
